<?xml version='1.0' encoding='utf-8'?>
<!DOCTYPE hibernate-configuration PUBLIC
    "-//Hibernate/Hibernate Configuration DTD//EN"
    "http://www.hibernate.org/dtd/hibernate-configuration-3.0.dtd">
<hibernate-configuration>
  <session-factory>
    <property name="connection.url">jdbc:postgresql://192.168.224.125:5432/Empleados</property>
    <property name="connection.driver_class">org.postgresql.Driver</property>
    <property name="dialect">org.hibernate.dialect.PostgreSQL95Dialect</property>
    <property name="connection.username">postgres</property>
    <property name="connection.password">postgres</property>
    <mapping resource="ClaseDepartamentos.hbm.xml"/>
    <mapping resource="ClaseEmpleados.hbm.xml"/>
    <mapping class="org.example.EntidadDepartamentos"/>
    <mapping class="org.example.EntidadEmpleados"/>

    <!-- DB schema will be updated if needed -->
    <!-- <property name="hibernate.hbm2ddl.auto">update</property> -->
  </session-factory>
</hibernate-configuration>