<?xml version='1.0' encoding='utf-8'?>
<!DOCTYPE hibernate-configuration PUBLIC
        "-//Hibernate/Hibernate Configuration DTD//EN"
        "http://www.hibernate.org/dtd/hibernate-configuration-3.0.dtd">
<hibernate-configuration>
    <session-factory>
        <property name="connection.driver_class">org.postgresql.Driver</property>
        <property name="connection.url">jdbc:postgresql://localhost:5432/appHibernateNoviembre</property>
        <property name="dialect">org.hibernate.dialect.PostgresPlusDialect</property>

        <property name="connection.username">postgres</property>
        <property name="connection.password">iesbelen</property>

        <property name="hibernate.hbm2ddl.auto">update</property>
        <property name="hibernate.show_sql">true</property>

        <!-- DB schema will be updated if needed -->
        <!-- <property name="hibernate.hbm2ddl.auto">update</property> -->
        <mapping class="com.iesbelen.dam.cristiangarcia.model.Libro"/>
        <mapping class="com.iesbelen.dam.cristiangarcia.model.Autor"/>
    </session-factory>
</hibernate-configuration>